{"cameraMode":{"drawMode":0,"name":"Shaded","section":"Shading Mode"},"sceneLighting":true,"audioPlay":false,"sceneViewState":{"showFog":true,"showMaterialUpdate":false,"showSkybox":true,"showFlares":true,"showImageEffects":true,"showParticleSystems":true},"in2DMode":false,"pivot":{"x":-0.01912696473300457,"y":-0.44254016876220705,"z":-0.26619434356689455},"rotation":{"x":-0.00048165544285438955,"y":0.8557723760604858,"z":-0.5173517465591431,"w":-0.000794149236753583},"size":12.756985664367676,"orthographic":false}